{"timestamps": [1514461543.1872303, 1514461611.8457804, 1514461645.2075603, 1514461678.5501485, 1514461711.8986044, 1514461745.4607053, 1514461778.8068378, 1514461812.5190392, 1514461880.8239787, 1514461914.3035498, 1514461948.4840317, 1514461983.414496, 1514462016.86607, 1514462050.271981, 1514462083.6182814, 1514462116.9637163, 1514462150.3086226, 1514462183.6541343, 1514462216.9993892, 1514462250.34533], "episode_rewards": [-2000.0, -2000.0, -2000.0, -2000.0, -2000.0, -2000.0, -2000.0, -2000.0, -2000.0, -2000.0, -2000.0, -2000.0, -2000.0, -2000.0, -2000.0, -2000.0, -2000.0, -2000.0, -2000.0, -2000.0], "episode_lengths": [2000, 2000, 2000, 2000, 2000, 2000, 2000, 2000, 2000, 2000, 2000, 2000, 2000, 2000, 2000, 2000, 2000, 2000, 2000, 2000], "episode_types": ["t", "t", "t", "t", "t", "t", "t", "t", "t", "t", "t", "t", "t", "t", "t", "t", "t", "t", "t", "t"], "initial_reset_timestamp": 1514461471.8939514}