{"timestamps": [1514454980.0056863, 1514454999.9667382, 1514455010.4861457, 1514455020.7232246, 1514455031.111431, 1514455041.4469652, 1514455051.7180731, 1514455061.8050137, 1514455094.401325, 1514455104.104113, 1514455120.727349, 1514455137.350367, 1514455147.8678021, 1514455158.5411627, 1514455174.8965306, 1514455191.5367508, 1514455208.9444723, 1514455218.7796125, 1514455235.3195348, 1514455245.5069869], "episode_rewards": [590.0, 589.0, 630.0, 614.0, 623.0, 620.0, 616.0, 605.0, 976.0, 581.0, 997.0, 997.0, 631.0, 640.0, 981.0, 998.0, 1044.0, 590.0, 992.0, 611.0], "episode_lengths": [590, 589, 630, 614, 623, 620, 616, 605, 976, 581, 997, 997, 631, 640, 981, 998, 1044, 590, 992, 611], "episode_types": ["t", "t", "t", "t", "t", "t", "t", "t", "t", "t", "t", "t", "t", "t", "t", "t", "t", "t", "t", "t"], "initial_reset_timestamp": 1514454947.373271}