{"episode_lengths": [157, 155, 128, 127, 148, 115, 145, 143, 125, 153, 118, 142, 176, 166, 127, 174, 144, 161, 146, 148, 133, 143, 149, 148, 121, 124, 136, 164, 142, 118, 145, 121, 121, 133, 123, 129, 149, 117, 131, 157, 155, 154, 157, 172, 153, 142, 193, 125, 150, 124, 125, 157, 167, 153, 144, 153, 116, 128, 171, 165, 149, 142, 120, 150, 147, 151, 163, 126, 137, 121, 133, 134, 141, 174, 140, 153, 123, 144, 120, 157, 143, 132, 141, 122, 116, 135, 123, 158, 130, 132, 119, 151, 126, 163, 137, 181, 141, 129, 145, 120], "initial_reset_timestamp": 1514354200.2932386, "episode_rewards": [157.0, 155.0, 128.0, 127.0, 148.0, 115.0, 145.0, 143.0, 125.0, 153.0, 118.0, 142.0, 176.0, 166.0, 127.0, 174.0, 144.0, 161.0, 146.0, 148.0, 133.0, 143.0, 149.0, 148.0, 121.0, 124.0, 136.0, 164.0, 142.0, 118.0, 145.0, 121.0, 121.0, 133.0, 123.0, 129.0, 149.0, 117.0, 131.0, 157.0, 155.0, 154.0, 157.0, 172.0, 153.0, 142.0, 193.0, 125.0, 150.0, 124.0, 125.0, 157.0, 167.0, 153.0, 144.0, 153.0, 116.0, 128.0, 171.0, 165.0, 149.0, 142.0, 120.0, 150.0, 147.0, 151.0, 163.0, 126.0, 137.0, 121.0, 133.0, 134.0, 141.0, 174.0, 140.0, 153.0, 123.0, 144.0, 120.0, 157.0, 143.0, 132.0, 141.0, 122.0, 116.0, 135.0, 123.0, 158.0, 130.0, 132.0, 119.0, 151.0, 126.0, 163.0, 137.0, 181.0, 141.0, 129.0, 145.0, 120.0], "timestamps": [1514354204.0872657, 1514354206.738048, 1514354206.8269925, 1514354206.8313923, 1514354206.836617, 1514354206.8421562, 1514354206.8489525, 1514354206.8540673, 1514354208.9381242, 1514354209.0321667, 1514354209.036753, 1514354209.0429447, 1514354209.0507364, 1514354209.0564785, 1514354209.0641186, 1514354209.072013, 1514354209.0803938, 1514354209.0882635, 1514354209.0968192, 1514354209.104476, 1514354209.1101224, 1514354209.119323, 1514354209.125211, 1514354209.1354766, 1514354209.1403751, 1514354209.1486123, 1514354209.1552467, 1514354211.8882074, 1514354211.98063, 1514354211.9856362, 1514354211.9917014, 1514354211.996955, 1514354212.0016096, 1514354212.0071015, 1514354212.0149014, 1514354212.020997, 1514354212.0280564, 1514354212.0348122, 1514354212.0407004, 1514354212.0497608, 1514354212.0566304, 1514354212.0652192, 1514354212.0721195, 1514354212.0820262, 1514354212.088669, 1514354212.0967069, 1514354212.1061077, 1514354212.112183, 1514354212.1202278, 1514354212.1251805, 1514354212.132743, 1514354212.1400166, 1514354212.1488793, 1514354212.1560833, 1514354212.1637228, 1514354212.1707232, 1514354212.175437, 1514354212.1832197, 1514354212.1908262, 1514354212.1998107, 1514354212.2066479, 1514354212.2147067, 1514354212.2203503, 1514354212.2266202, 1514354214.6893349, 1514354214.7786646, 1514354214.785703, 1514354214.7901652, 1514354214.795546, 1514354214.8014927, 1514354214.8062778, 1514354214.8119814, 1514354214.82141, 1514354214.8312218, 1514354214.8394482, 1514354214.8469672, 1514354214.85539, 1514354214.8605406, 1514354214.8690815, 1514354214.8765037, 1514354214.8862998, 1514354214.8925123, 1514354214.901754, 1514354214.907935, 1514354214.9154122, 1514354214.923147, 1514354214.9278238, 1514354214.9392087, 1514354214.9438767, 1514354214.953525, 1514354214.9587533, 1514354214.9683642, 1514354214.9747033, 1514354214.9844763, 1514354214.9915462, 1514354215.0024495, 1514354215.0090952, 1514354215.0178196, 1514354215.0248485, 1514354215.032385], "episode_types": ["t", "t", "t", "t", "t", "t", "t", "t", "t", "t", "t", "t", "t", "t", "t", "t", "t", "t", "t", "t", "t", "t", "t", "t", "t", "t", "t", "t", "t", "t", "t", "t", "t", "t", "t", "t", "t", "t", "t", "t", "t", "t", "t", "t", "t", "t", "t", "t", "t", "t", "t", "t", "t", "t", "t", "t", "t", "t", "t", "t", "t", "t", "t", "t", "t", "t", "t", "t", "t", "t", "t", "t", "t", "t", "t", "t", "t", "t", "t", "t", "t", "t", "t", "t", "t", "t", "t", "t", "t", "t", "t", "t", "t", "t", "t", "t", "t", "t", "t", "t"]}