{"timestamps": [1514438330.7249224, 1514438397.5150123, 1514438430.8769264, 1514438464.2215245, 1514438497.5646772, 1514438530.911579, 1514438564.2563772, 1514438597.6006286, 1514438664.3415015, 1514438697.7029262, 1514438731.04736, 1514438764.3960693, 1514438797.7374568, 1514438831.0832589, 1514438864.4302974, 1514438897.7735956, 1514438931.1186092, 1514438965.4484236, 1514438998.7934382, 1514439032.1372905], "episode_lengths": [2000, 2000, 2000, 2000, 2000, 2000, 2000, 2000, 2000, 2000, 2000, 2000, 2000, 2000, 2000, 2000, 2000, 2000, 2000, 2000], "initial_reset_timestamp": 1514438264.0288737, "episode_types": ["t", "t", "t", "t", "t", "t", "t", "t", "t", "t", "t", "t", "t", "t", "t", "t", "t", "t", "t", "t"], "episode_rewards": [-2000.0, -2000.0, -2000.0, -2000.0, -2000.0, -2000.0, -2000.0, -2000.0, -2000.0, -2000.0, -2000.0, -2000.0, -2000.0, -2000.0, -2000.0, -2000.0, -2000.0, -2000.0, -2000.0, -2000.0]}