{"episode_types": ["t", "t", "t", "t", "t", "t", "t", "t", "t", "t", "t", "t", "t", "t", "t", "t", "t", "t", "t", "t", "t", "t", "t", "t", "t", "t", "t", "t", "t", "t", "t", "t", "t", "t", "t", "t", "t", "t", "t", "t", "t", "t", "t", "t", "t", "t", "t", "t", "t", "t", "t", "t", "t", "t", "t", "t", "t", "t", "t", "t", "t", "t", "t", "t", "t", "t", "t", "t", "t", "t", "t", "t", "t", "t", "t", "t", "t", "t", "t", "t", "t", "t", "t", "t", "t", "t", "t", "t", "t", "t", "t", "t", "t", "t", "t", "t", "t", "t", "t", "t"], "episode_lengths": [359, 116, 225, 190, 170, 199, 190, 362, 166, 302, 769, 433, 184, 235, 223, 179, 168, 210, 182, 171, 281, 108, 266, 599, 214, 228, 172, 262, 245, 249, 174, 213, 261, 175, 141, 152, 160, 344, 153, 166, 124, 303, 216, 375, 474, 197, 453, 276, 235, 290, 318, 118, 432, 128, 393, 187, 284, 205, 215, 241, 275, 393, 128, 189, 351, 164, 108, 329, 456, 113, 307, 142, 215, 223, 797, 248, 199, 344, 219, 305, 176, 265, 182, 132, 127, 396, 411, 269, 275, 205, 227, 207, 210, 142, 149, 285, 133, 276, 339, 149], "timestamps": [1514357097.7205186, 1514357100.0566604, 1514357100.2536967, 1514357100.2855453, 1514357100.3165557, 1514357100.3516915, 1514357100.385822, 1514357100.4482796, 1514357103.219045, 1514357103.4313412, 1514357103.555362, 1514357103.6279635, 1514357103.660832, 1514357103.699711, 1514357103.7378242, 1514357103.7690275, 1514357103.7986982, 1514357103.8343184, 1514357103.8686042, 1514357103.8985171, 1514357103.9417748, 1514357103.9618201, 1514357104.0062861, 1514357104.101168, 1514357104.134746, 1514357104.1728966, 1514357104.2025704, 1514357108.577318, 1514357108.7487078, 1514357108.7895386, 1514357108.820594, 1514357108.8574884, 1514357108.90424, 1514357108.9315407, 1514357108.9567857, 1514357108.983795, 1514357109.011218, 1514357109.0711596, 1514357109.0945358, 1514357109.1239798, 1514357109.1440678, 1514357109.2004569, 1514357109.2373576, 1514357109.2969525, 1514357109.3722038, 1514357109.4033217, 1514357109.4778016, 1514357109.5231986, 1514357109.5595932, 1514357109.609736, 1514357109.6614606, 1514357109.6791174, 1514357109.7528834, 1514357109.7725525, 1514357109.8391433, 1514357109.8687327, 1514357109.9184484, 1514357109.9506106, 1514357109.9870017, 1514357110.02663, 1514357110.0738256, 1514357110.1391551, 1514357110.1590762, 1514357110.1930346, 1514357116.0642374, 1514357116.2213352, 1514357116.239778, 1514357116.297445, 1514357116.3701866, 1514357116.387727, 1514357116.4421592, 1514357116.4643445, 1514357116.5048275, 1514357116.5397701, 1514357116.6654816, 1514357116.7033293, 1514357116.7387426, 1514357116.793706, 1514357116.8278215, 1514357116.8803072, 1514357116.9070008, 1514357116.9544241, 1514357116.9823344, 1514357117.0051832, 1514357117.0263531, 1514357117.0971732, 1514357117.1620271, 1514357117.205702, 1514357117.249569, 1514357117.2825572, 1514357117.320962, 1514357117.3587446, 1514357117.3909373, 1514357117.4157896, 1514357117.4417377, 1514357117.492594, 1514357117.5127206, 1514357117.559355, 1514357117.616267, 1514357117.6389146], "initial_reset_timestamp": 1514357089.420746, "episode_rewards": [-358.0, -115.0, -224.0, -189.0, -169.0, -198.0, -189.0, -361.0, -165.0, -301.0, -768.0, -432.0, -183.0, -234.0, -222.0, -178.0, -167.0, -209.0, -181.0, -170.0, -280.0, -107.0, -265.0, -598.0, -213.0, -227.0, -171.0, -261.0, -244.0, -248.0, -173.0, -212.0, -260.0, -174.0, -140.0, -151.0, -159.0, -343.0, -152.0, -165.0, -123.0, -302.0, -215.0, -374.0, -473.0, -196.0, -452.0, -275.0, -234.0, -289.0, -317.0, -117.0, -431.0, -127.0, -392.0, -186.0, -283.0, -204.0, -214.0, -240.0, -274.0, -392.0, -127.0, -188.0, -350.0, -163.0, -107.0, -328.0, -455.0, -112.0, -306.0, -141.0, -214.0, -222.0, -796.0, -247.0, -198.0, -343.0, -218.0, -304.0, -175.0, -264.0, -181.0, -131.0, -126.0, -395.0, -410.0, -268.0, -274.0, -204.0, -226.0, -206.0, -209.0, -141.0, -148.0, -284.0, -132.0, -275.0, -338.0, -148.0]}