{"episode_rewards": [20000.0, 20000.0, 20000.0, 20000.0, 20000.0, 20000.0, 20000.0, 20000.0, 20000.0, 20000.0, 20000.0, 20000.0, 20000.0, 20000.0, 20000.0, 20000.0, 20000.0, 20000.0, 20000.0, 20000.0, 20000.0, 20000.0, 20000.0, 20000.0, 20000.0, 20000.0, 20000.0, 20000.0, 20000.0, 20000.0, 20000.0, 20000.0, 20000.0, 20000.0, 20000.0, 20000.0, 20000.0, 20000.0, 20000.0, 20000.0, 20000.0, 20000.0, 20000.0, 20000.0, 20000.0, 20000.0, 20000.0, 20000.0, 20000.0, 20000.0, 20000.0, 20000.0, 20000.0, 20000.0, 20000.0, 20000.0, 20000.0, 20000.0, 20000.0, 20000.0, 20000.0, 20000.0, 20000.0, 20000.0, 20000.0, 20000.0, 20000.0, 20000.0, 20000.0, 20000.0, 20000.0, 20000.0, 20000.0, 20000.0, 20000.0, 20000.0, 20000.0, 20000.0, 20000.0, 20000.0, 20000.0, 20000.0, 20000.0, 20000.0, 20000.0, 20000.0, 20000.0, 20000.0, 20000.0, 20000.0, 20000.0, 20000.0, 20000.0, 20000.0, 20000.0, 20000.0, 20000.0, 20000.0, 20000.0, 20000.0], "episode_types": ["t", "t", "t", "t", "t", "t", "t", "t", "t", "t", "t", "t", "t", "t", "t", "t", "t", "t", "t", "t", "t", "t", "t", "t", "t", "t", "t", "t", "t", "t", "t", "t", "t", "t", "t", "t", "t", "t", "t", "t", "t", "t", "t", "t", "t", "t", "t", "t", "t", "t", "t", "t", "t", "t", "t", "t", "t", "t", "t", "t", "t", "t", "t", "t", "t", "t", "t", "t", "t", "t", "t", "t", "t", "t", "t", "t", "t", "t", "t", "t", "t", "t", "t", "t", "t", "t", "t", "t", "t", "t", "t", "t", "t", "t", "t", "t", "t", "t", "t", "t"], "episode_lengths": [20000, 20000, 20000, 20000, 20000, 20000, 20000, 20000, 20000, 20000, 20000, 20000, 20000, 20000, 20000, 20000, 20000, 20000, 20000, 20000, 20000, 20000, 20000, 20000, 20000, 20000, 20000, 20000, 20000, 20000, 20000, 20000, 20000, 20000, 20000, 20000, 20000, 20000, 20000, 20000, 20000, 20000, 20000, 20000, 20000, 20000, 20000, 20000, 20000, 20000, 20000, 20000, 20000, 20000, 20000, 20000, 20000, 20000, 20000, 20000, 20000, 20000, 20000, 20000, 20000, 20000, 20000, 20000, 20000, 20000, 20000, 20000, 20000, 20000, 20000, 20000, 20000, 20000, 20000, 20000, 20000, 20000, 20000, 20000, 20000, 20000, 20000, 20000, 20000, 20000, 20000, 20000, 20000, 20000, 20000, 20000, 20000, 20000, 20000, 20000], "timestamps": [1514362826.0062757, 1514363493.5301192, 1514363826.9993873, 1514364160.4531796, 1514364493.9071283, 1514364827.3599286, 1514365160.8131416, 1514365494.276762, 1514366161.899758, 1514366495.3763516, 1514366828.8358319, 1514367162.2930331, 1514367495.745988, 1514367829.1860337, 1514368162.6320565, 1514368496.0826898, 1514368829.5326233, 1514369162.9858396, 1514369496.440307, 1514369829.9076867, 1514370163.372416, 1514370496.8354993, 1514370830.2949717, 1514371163.7531962, 1514371497.2108653, 1514371830.660433, 1514372164.1079257, 1514372831.2133715, 1514373164.6832495, 1514373498.137265, 1514373831.5944037, 1514374165.117552, 1514374498.672995, 1514374832.1305943, 1514375165.5853488, 1514375499.0407822, 1514375832.4912484, 1514376165.9350004, 1514376499.3815567, 1514376833.9014738, 1514377167.3502188, 1514377500.8003135, 1514377834.3436444, 1514378167.81481, 1514378501.2945921, 1514378835.2044508, 1514379168.6600256, 1514379502.1202617, 1514379835.574755, 1514380169.0305374, 1514380502.4829726, 1514380836.0865715, 1514381169.7594066, 1514381503.3161695, 1514381836.7698286, 1514382171.0910075, 1514382504.5328264, 1514382837.9974816, 1514383171.530483, 1514383504.9812574, 1514383838.4320638, 1514384171.9114537, 1514384505.3859816, 1514384838.8511415, 1514385505.9547055, 1514385839.67918, 1514386173.1275132, 1514386506.576127, 1514386840.0924883, 1514387173.5476377, 1514387507.0001912, 1514387841.5881033, 1514388175.0340552, 1514388508.528878, 1514388841.9772317, 1514389175.4430552, 1514389508.8919559, 1514389842.3455846, 1514390175.810359, 1514390509.2897995, 1514390842.7574165, 1514391176.222492, 1514391509.6809142, 1514391843.1385615, 1514392176.5924952, 1514392510.0334659, 1514392843.4805486, 1514393176.9293168, 1514393510.6476953, 1514393844.1011858, 1514394177.553457, 1514394511.0066829, 1514394844.4593031, 1514395177.9126968, 1514395511.3655138, 1514395844.8186312, 1514396178.2724774, 1514396511.7299042, 1514396845.189012, 1514397178.6468868], "initial_reset_timestamp": 1514362158.681157}