{"initial_reset_timestamp": 1514373676.9692795, "episode_rewards": [20000.0, 20000.0, 20000.0, 20000.0, 20000.0, 20000.0, 20000.0, 20000.0, 20000.0, 20000.0, 20000.0, 20000.0, 20000.0, 20000.0, 20000.0, 20000.0, 20000.0, 20000.0, 20000.0, 20000.0], "episode_lengths": [20000, 20000, 20000, 20000, 20000, 20000, 20000, 20000, 20000, 20000, 20000, 20000, 20000, 20000, 20000, 20000, 20000, 20000, 20000, 20000], "episode_types": ["t", "t", "t", "t", "t", "t", "t", "t", "t", "t", "t", "t", "t", "t", "t", "t", "t", "t", "t", "t"], "timestamps": [1514374344.5821393, 1514375015.746693, 1514375349.2183182, 1514375682.6765656, 1514376016.118265, 1514376349.5635822, 1514376684.0958474, 1514377017.5494618, 1514377684.5186188, 1514378018.0879, 1514378351.5541427, 1514378685.2980785, 1514379018.7567832, 1514379352.2128074, 1514379685.669406, 1514380019.1243517, 1514380352.5784976, 1514380686.1157293, 1514381019.5710611, 1514381353.1093774]}