{"episode_lengths": [2000, 2000, 2000, 2000, 2000, 2000, 2000, 2000, 2000, 2000, 2000, 2000, 2000, 2000, 2000, 2000, 2000, 2000, 2000, 2000], "timestamps": [1514468106.4396088, 1514468175.0505693, 1514468208.6477027, 1514468241.9937816, 1514468275.3402736, 1514468311.7880678, 1514468345.1307316, 1514468378.4767516, 1514468445.516298, 1514468478.9603336, 1514468512.3059623, 1514468545.6509347, 1514468578.996968, 1514468612.3406146, 1514468645.6875007, 1514468679.0316346, 1514468712.3782997, 1514468745.7235923, 1514468779.0688667, 1514468812.4138217], "initial_reset_timestamp": 1514467973.0095017, "episode_types": ["t", "t", "t", "t", "t", "t", "t", "t", "t", "t", "t", "t", "t", "t", "t", "t", "t", "t", "t", "t"], "episode_rewards": [-2000.0, -2000.0, -2000.0, -2000.0, -2000.0, -2000.0, -2000.0, -2000.0, -2000.0, -2000.0, -2000.0, -2000.0, -2000.0, -2000.0, -2000.0, -2000.0, -2000.0, -2000.0, -2000.0, -2000.0]}